학교명,주소,전화번호,홈페이지
가수초등학교,(18125) 경기도 오산시 가수로 50. 가수초등학교 (가수동),"031-377-8563(교무실) <br> 031-377-5193(행정실)
FAX:031-377-5194 ",gasu-e.goehs.kr
갈담초등학교,(18334) 경기도 화성시 봉담읍 갈담초교길 24(봉담읍. 갈담초등학교),"교무실 Tel:031)227-1546 (08:20~16:20) <br> 행정실 Tel:031)227-9144 (08:20~16:20)
FAX:031)297-9143",galdam-e.goehs.kr
갈천초등학교,(18625) 경기도 화성시 향남읍 발안로 701-23(향남읍.갈천초등학교),"교무실)031-352-0510 <br> 행정실)031-352-0516
FAX:031-352-4940",kalchun-e.goehs.kr
고정초등학교,(18548) 경기도 화성시 만세구 송산면 공룡로 326. 고정초등학교 (송산면),"031-357-1308(교무실) <br>  031-357-1309(행정실)
FAX:031-357-6135",gojung-e.goehs.kr
광성초등학교,(18107) 경기도 오산시 수목원로 577-18. 광성초등학교 (세교동),"031-372-3032(교무실) <br>  031-372-4777(행정실)
FAX:031-372-4333",kseong-e.goehs.kr
구봉초등학교,(18415) 경기도 화성시 병점구 병점1로 105(병점동.구봉초등학교),"031-225-8328
FAX:031-225-8544",e-gubong-e.goehs.kr
금암초등학교,(18109) 경기도 오산시 수청로 204-20(금암동),"교무실:(031)378-9414 <br>   행정실:(031)378-9415 <br>  당직실(야간):(031)374-3006
FAX:교무실:(031)378-9418 <br>  행정실:(031)378-9419",geumam-e.goehs.kr
기산초등학교,(18385) 경기도 화성시 동탄지성로 344(반월동. 기산초등학교),"교무실 031-224-9013 <br>  행정실 031-224-9014 <br>  유치원 031-224-9056 <br>  당직실 (야간 <br>  휴일) 031-224-9014
FAX:031-224-9024",hskisan-e.goehs.kr
기안초등학교,(18339) 경기도 화성시 기안길 18(기안동. 기안초등학교),"행정실(031)222-0781 <br>  교무실(031)222-0046 <br>  유치원(031)222-8372 <br>  급식실(031)222-3819
FAX:031-222-9859",kian-e.goehs.kr
남양초등학교,(18258) 경기도 화성시 남양읍 남양시장로55번길 7. 남양초등학교 (남양읍),"031-356-2014
FAX:031-356-7289",ny-e.goehs.kr
내리숲초등학교,(18294) 경기도 화성시 효행구 봉담읍 삼봉안1길 21-7,"교무실 031-5190-2600 <br>  유치원 031-5190-2650 <br>  행정실 031-5190-2601(08:30~16:30)

FAX:031-5190-2697",naerisup-e.goehs.kr
노진초등학교,(18585) 경기도 화성시 장안면 화곡로 166. 노진초등학교 (장안면),"Tel: 교무실 031-351-2192(08:30~16:30) <br> 행정실 031-351-2193(08:30~16:30) <br> 당직실 031-351-2193(야간 휴일)
FAX:Fax: 031-351-7341",nojinpia-e.goehs.kr
늘봄초등학교,(18464) 경기도 화성시 동탄대로24길 51(영천동),"031-8055-0276(교무실) <br> 031-8055-0291(행정실) <br> 031-8055-0296(당직실)
FAX:031-8055-0294",neulbom-e.goehs.kr
능동초등학교,(18432) 경기도 화성시 동탄원천로 315-27(능동. 능동초등학교),"교무실 031-613-4205(08:40~16:40) <br> 행정실 031-613-4206(08:40~16:40) <br> 유치원 031-613-4207(08:40~16:40)
FAX:FAX(교무실): 031-613-4235 / FAX(행정실): 031-613-4221
",ndong-e.goehs.kr
다온초등학교,(18148) 경기도 오산시 부산중앙로 37(부산동),"교무실 031-378-8345  |  행정실 031-378-8308
FAX:031-378-8309",daon-e.goehs.kr
다원초등학교,(18466) 경기도 화성시 동탄구 동탄대로24길 112(영천동). (다원초등학교),"031-378-6020
FAX:교무실 031-378-6022 <br>  행정실 031-378-6025",dawon-e.goehs.kr
대양초등학교,(18268) 경기 화성시 만세구 남양읍 시청로32번길 80,"교무실: 031-8024-9405 <br>  행정실: 031-8024-9495
FAX:교무실: 031-8024-9489 <br>  행정실: 031-8024-9499",daeyang-e.goehs.kr
대호초등학교,(18122) 경기도 오산시 궐리사로46번길 3(궐동),"교무실 031-378-3182 (8:30~16:30) <br>  행정실 031-378-3183 (8:30~16:30)  <br>   당직실 031-378-3183 (야간 휴일)
FAX: Fax : 031-378-3188",dho-e.goehs.kr
도이초등학교,(18591) 경기도 화성시 향남읍 행정동로 87. 도이초등학교 (향남읍),교무실031-8059-1601 <br> 행정실031-8059-1604 <br>  팩스031-8059-1606,doi-e.goehs.kr
동양초등학교,(18262) 경기도 화성시 남양읍 시청로45번길 11. 동양초등학교 (남양읍. 동양초등학교),"교무실 : 031-355-4051 <br> 
행정실 : 031-355-4053
FAX:교무실 : 031-355-8028 <br> 
행정실 : 031-355-4530",dongyang-e.goehs.kr
동탄목동초등학교,(18484) 경기도 화성시 동탄순환대로20길 10(목동),대표번호:(031)378-0265~0266 <br> (031)378-0268~0269 <br>  교무실 Fax : (031)378-0267 (08:30~16:30) <br>  행정실 Fax :(031)378-2751 (08:30~16:30) <br>  당직실 : (031)378-0268~0269 (야간 휴일),dt-mokdong-e.goehs.kr
동탄중앙초등학교,(18476) 경기도 화성시 동탄구 동탄대로시범길 117. 동탄중앙초등학교 (청계동),"교무실: 031-8077-9051(08:30~16:30) <br> 
행정실: 031-8077-9052(08:30~16:30) <br> 
유치원: 031-8077-9059 <br> 
당직실: 031-8077-9060(야간 토요일~17:00)
FAX:행정실: 031-8077-9053",dtc-e.goehs.kr
동탄초등학교,(18480) 경기 화성시 동탄구 동탄감배산로 26 동탄초등학교,"교무실:031)378-4757(08:40~16:40) <br>  행정실:031)378-4760(08:40~16:40) <br>  병설유치원:031)378-4763(08:40~19:00) <br>  당직실:031)378-6414(야간 휴일)
FAX:교무실:031)378-4759 <br>  행정실:031)378-4762",dongtan-e.goehs.kr
동학초등학교,(18377) 경기도 화성시 영통로27번길 46. 동학초등학교 (반월동),"031-205-0235
FAX:031-205-0237",donghak-e.goehs.kr
동화초등학교,(18302) 경기도 화성시 봉담읍 동화새터길 130(봉담읍),"031-298-1047
FAX:031-298-1049",hsdonghwa-e.goehs.kr
마도초등학교,(18537) 경기도 화성시 마도면 석교로 157(마도면. 마도초등학교),"교무실 031-356-1094 <br>  행정실 031-356-2094
FAX:031-356-1894",mado-e.goehs.kr
마루초등학교,경기도 오산시 초평중앙로 52 (탑동) 마루초등학교,"031-375-1502(교무실) <br>  031-375-1503(행정실)
FAX:031-375-1504(교무실) <br>  031-375-1505(행정실)",maru-e.goehs.kr
마산초등학교,(18545) 경기도 화성시 송산면 송산포도로 582. 마산초등학교 (송산면. 마산초등학교),"031-357-1541
FAX:031-357-5270",masan-e.goehs.kr
매홀초등학교,(18118) 경기도 오산시 청학로147번길 10(수청동),"031-374-0251
FAX:031-374-0253",maehol-e.goehs.kr
무봉초등학교,(18475) 경기도 화성시 동탄청계로 303-34(청계동),"031-8077-2326
FAX:031-8077-2330",mubong-e.goehs.kr
문시초등학교,(18109) 경기도 오산시 여계산로 52-6(금암동. 문시초등학교),"031-378-2850
FAX:031-378-2855",munsi-e.goehs.kr
반석초등학교,(18457) 경기도 화성시 동탄반석로 22. (반송동. 반석초등학교) (반송동),행정실 031-613-2688(Fax 031-613-2694) <br> 교무실 031-613-2689 (Fax 031-613-2938) <br> 병설유치원 031-8050-3438 <br> 도움반 031-8050-3037 <br> 급식실 031-8050-3051 <br> 보건실 031-8050-3124 <br> 돌봄교실 031-8050-3244  <br> 도서실 031-8050-3120 <br> 당직실 031-8050-3036(야간/휴일) ,hsbanseok-e.goehs.kr
반송초등학교,(18441) 경기도 화성시 동탄솔빛로 14(반송동),"   통화가능시간(08:40~16:40)       교무실 031-613-3923  <br> 행정실 031-613-3924  <br> 병설유치원 031-613-3926  <br> 당직실  031-613-5072 (야간/휴일)       
FAX:교무실 031-613-1204 <br> 행정실 031-613-3925",hs-bansong-e.goehs.kr
발안초등학교,(18597) 경기도 화성시 향남읍 발안로 8(향남읍. 발안초등학교),"031-352-0140
FAX:031-352-4974",balan-e.goehs.kr
방교초등학교,(18488) 경기도 화성시 동탄산척로1길 11. 방교초등학교,"교무실 031-378-5670(8:30~16:30) <br>  행정실 031-378-5672(8:30~16:30) <br>  유치원 031-378-6716
FAX:교무실 031-378-5674 <br>  행정실 031-378-5673",banggyo-e.goehs.kr
배양초등학교,(18344) 경기도 화성시 융건로 90(배양동. 배양초등학교),"교무실: 031-898-7972 (8:30~16:30) <br> 행정실: 031-898- 7973 (8:30~16:30) <br> 유치원: 031-898-7975 
FAX:031-898-7974",hsbaeyang-e.goehs.kr
병점초등학교,(18401) 경기도 화성시 경기대로 1052(진안동.병점초등학교),"행정실) 031-233-2848 <br>  교무실) 031-234-0008 <br>  유치원) 031-235-6696 <br>  당직실(야간 <br> 휴일) 070-4848-2744

FAX:031-235-8904",pj-e.goehs.kr
봉담초등학교,(18313) 경기도 화성시 봉담읍 진등3길 15(봉담읍. 봉담초등학교),"교무실 031-227-1381 <br>  행정실 031-227-9615 <br>  유치원  031-227-1381(내선3) <br>  당직실 031-227-9615
FAX:031-227-9908",bongdam-e.goehs.kr
비봉초등학교,(18284) 경기도 화성시 효행구 비봉면 양노로 71(비봉면. 비봉초등학교),"031-356-0014(교무실) <br> 031-356-3717(행정실)
FAX:031-356-3289",beebong-e.goehs.kr
사창초등학교,(18627) 경기도 화성시 양감면 정문회화로 7(양감면. 사창초등학교),"031-352-1008
FAX:031-352-6912",sachang-e.goehs.kr
삼미초등학교,(18111) 경기도 오산시 북삼미로 183-9(외삼미동),"031-378-1709
FAX:031-378-5467",sammi-e.goehs.kr
상봉초등학교,(18316) 경기도 화성시 봉담읍 상봉길 52(봉담읍.상봉초등학교),"교무실 031-297-3566 <br>  행정실 031-297-3568

FAX: 031-297-3560(행정실) <br>  031-297-9566(교무실)",sangbong-e.goehs.kr
상신초등학교,(18616) 경기도 화성시 향남읍 손개길 7. 상신초등학교 (향남읍),"교무실:031-353-4163 <br> 행정실:031-353-4164 <br> 유치원:031-353-4168
FAX:031-353-4166",sangshin-e.goehs.kr
새동초등학교,(18265)경기도 화성시 만세구 남양읍 남양중앙로 346 새동초등학교,"031-357-6510
FAX:031-357-8411",saedong-e.goehs.kr
새봄초등학교,(18367) 경기도 화성시 병점노을로 19(병점동),"행정실 : 031-8019-7600 <br> 교무실 : 031-8019-7601 <br> 유치원 : 031-8019-7603
FAX:행정실 : 031-8019-7605",saebom-e.goehs.kr
새솔초등학교,(18237) 경기도 화성시 만세구 수노을1로 123. 새솔초등학교 (새솔동),"교무실 031-831-0102 <br> 행정실 031-831-0115 <br> 당직실 031-831-0119
FAX:031-831-0117",hssaesol-e.goehs.kr
서경초등학교,(18394) 경기도 화성시 병점구 동탄지성로 265. 서경초등학교 (기산동) 477,"031-831-1801
FAX:031-831-1882",sgyeong-e.goehs.kr
서봉초등학교,(18112) 경기도 화성시 만세구 향남읍 상신하길로 195번길 84,교무실: 031-370-4900 행정실: 031-370-4905,seobong-e.goehs.kr
서신초등학교,(18555) 경기도 화성시 서신면 매화3길 17(서신면. 서신초등학교),"행정실 031-357-5083 <br>  교무실 031-357-5082 <br>  유치원 031-357-5085

FAX:031-357-5084",seosin-e.goehs.kr
서연초등학교,(18507) 경기도 화성시 동탄대로4가길 25(장지동. 서연초등학교),교무실:031-5187-3800 <br> 3801 <br> Fax:031-5187-3809 <br> 행정실:031-5187-3900 <br> Fax:031-5187-3909 <br> 당직실:031-5187-3906(야간/휴일),seoyeon-e.goehs.kr
석우초등학교,(18437) 경기도 화성시 동탄시범한빛길 32. 석우초등학교 (반송동),"교무실 (031)299-8800(08:40-16:40) <br> 행정실(031)299-8870(08:40-16:40) <br> 유치원(031)299-8880(08:40-16:40) <br> 급식실(031)299-8877 <br> 돌봄교실(031)299-8807(13:00-17:00) <br> 당직실(031)299-8890(야간/휴일)
FAX:교무실: (031)299-8806 <br> 행정실: (031)299-8874",seokwoo-e.goehs.kr
석천초등학교,(18572) 경기도 화성시 우정읍 석천길 52. 석천초등학교 (우정읍),"교무실 031-358-0211 <br>  행정실 031-358-5939
FAX:031-358-5331",surkchun-e.goehs.kr
성산초등학교,(18129) 경기도 오산시 성호대로 43. 성산초등학교 (오산동),"교무실 031-377-4323(08:30-16:30) <br> 교육행정실 031-377-4325(08:30-16:30) <br> 당직실 031-8054-7477(평일 야간/일요일)
FAX:031-377-4326",sungsan-e.goehs.kr
성호초등학교,(18135) 경기도 오산시 성호새싹길 8. 성호초등학교 (오산동),"031-374-2046
FAX:031-375-4338",sungho-e.goehs.kr
세담초등학교,(18117) 경기도 오산시 죽담2로 8(궐동),"031-690-8300(교무실) <br>  031-690-8383(행정실) <br>  031-690-8385(당직실)
FAX:031-690-8386",sedam-e.goehs.kr
세마초등학교,(18102) 경기도 오산시 세마문학로 45(지곶동),"031-375-9369
FAX:031-375-9366",sema-e.goehs.kr
세미초등학교,(18113) 경기도 오산시 내삼미로 127. 세미초등학교 (내삼미동),"교무실 : 031-378-5802 <br>  행정실 : 031-378-5803 <br>  유치원 : 031-378-5852
FAX:031-378-5806",semi-e.goehs.kr
세정초등학교,(18503) 경기도 화성시 동탄순환대로12길 74. 세정초등학교 (산척동),"교무실 031-8019-9222(08:30~16:30) <br> 행정실 031-8019-9223(08:30~16:30) <br> 유치원 031-8019-9224(09:00~17:00)
FAX:교무실 031-8019-9228 <br> 행정실 031-8019-9227",sejeong-e.goehs.kr
솔빛초등학교,(18456) 경기도 화성시 동탄구 동탄반석로 84. 84 (반송동),"031-613-2305 <br> Fax : 031-613-2316
",solbit-e.goehs.kr
송라초등학교,"(18286) 경기도 화성시 효행구 매송면 푸른들판로 1970-16, 송라초등학교","교무실 031-295-2101(08:30~16:30) <br>  행정실 031-295-2105(08:30~16:30) <br> *17:00 이후 당직실로 전화가 연결됩니다
FAX:031-295-8066",songra-e.goehs.kr
송린초등학교,(18238) 경기도 화성시 수노을1로 253(새솔동. 송린초등학교),"교무실 : 031-5183-4000(8:40~16:40) <br> 행정실 : 031-5183-4004(8:40~16:40) <br> 당직실 : 031-5183-4099(야간/휴일) <br> 유치원 : 031-5183-4080 <br> 전학문의 031-5183-4009
FAX: 행정실 031-5183-4070 | 교무실 031-5183-4071",songrin-e.goehs.kr
송산초등학교,(18550) 경기도 화성시 송산면 사강시장길 15-9. 송산초등학교 (송산면),"교무실 031-357-1031 / 행정실 031-357-6160
FAX:교무실 031-357-1032 / 행정실 031-357-6162",ssongsan-e.goehs.kr
송화초등학교,(18417) 경기도 화성시 병점중앙로35번길 42. 송화초등학교 (병점동.송화초등학교),"교무실 031-223-7041(08:20~16:20) <br>   행정실 031-221-5286(08:20~16:20) <br>   당직실 031-221-5286(야간/휴일)
FAX:031-221-2847",songhwa-k-e.goehs.kr
수기초등학교,(18327) 경기도 화성시 봉담읍 수기웃말길 27. 수기초등학교,"교무실: 031-222-1383 <br> 행정실: 031-222-7085 <br> 유치원: 221-4773
FAX:031-223-1529",sugi-e.goehs.kr
수영초등학교,(18297) 경기도 화성시 효행구 봉담읍 수영로 63. 수영초등학교 (봉담읍),"(교무실) 031-296-9572  (행정실) 031-296-9573
FAX:031-296-9574",suyeong-e.goehs.kr
수청초등학교,(18110) 경기도 오산시 오산대역로 123(수청동. 수청초등학교),"교무실 031-372-5492(08:40~16:40) <br>  행정실 031-372-5493(08:40~16:40) <br>  당직실 031-372-5493(야간)
FAX:031-375-5498",sucheong-e.goehs.kr
수현초등학교,(18305) 경기도 화성시 봉담읍 상리3길 110(봉담읍),"교무실) 031-298-8708 <br> 행정실) 070-8827-0796
FAX:031-298-8710",suhyeon-e.goehs.kr
숲속초등학교,(18435) 경기도 화성시 동탄공원로2길 10(반송동),"교무실 031-8015-2151(08:40~16:40) <br> 행정실 031-8015-2152(08:40~16:40) <br> 유치원 031-8015-2156(08:40~16:40)

FAX:교무실 031-8015-2154 <br> 행정실 031-8015-2153",supsok-e.goehs.kr
신남초등학교,(18269) 경기도 화성시 남양읍 화성시청역로 2. 신남초등학교 (남양읍),"교무실 (031)8059-9400(08:20~16:20) / 행정실 (031)8059-9490(08:20~16:20) / 당직실 (031)8059-9496(16:20~익일08:20)　　　　　　　　
FAX:교무실 (031)366-8983 / 행정실 (031)366-8982
",shinnam-e.goehs.kr
아인초등학교,(18477) 경기도 화성시 동탄대로시범길 219(청계동),"교무실: 031-8077-2129 <br> 행정실: 031-8077-2130 <br> 유치원: 031-8077-2134 <br> 돌봄교실: 031-8077-2136/2137
FAX:행정실: 031-8077-2131",ain-e.goehs.kr
안녕초등학교,(18362) 경기도 화성시 화산로 2. 안녕초등학교 (안녕동. 안녕초등학교),"031-231-1561
FAX:031-231-1564",annyung-e.goehs.kr
안화초등학교,(18408) 경기도 화성시 병점3로 132-5(병점동),"교무실 :031-225-5655(8:30~16:30) <br>  행정실:031-225-5578(8:30~16:30) <br>  당직실 :070-5050-9406(야간)
FAX:031-225-8577",anhwa-e.goehs.kr
양감초등학교,(18632) 경기도 화성시 양감면 초록로 49. 양감초등학교 (양감면),"교무실:031-352-1001(08:30~16:30) <br>  행정실:031-352-8429(08:40~16:40) <br>  당직실:070-4864-0408(야간/휴일)
FAX:교무실:031-8047-0446 <br>  행정실:031-352-6913",yanggam-e.goehs.kr
양산초등학교,(18105) 경기도 오산시 양산로 448. 양산초등학교 (양산동),"행정실:031-378-5861 <br>  교무실:031-378-5860 <br>  유치원:031-378-5862 <br>  야간:031-374-3830
FAX:031-378-5864",yangs-e.goehs.kr
여울초등학교,(18479) 경기도 화성시 동탄감배산로 95. 여울초등학교 (오산동),"교무실 : (031)8014-8900 (08:40~16:40) <br> 
행정실 : (031)8014-8905 (08:40~16:40) <br> 
당직실 : (031)8014-8906 (야간/휴일)　　　　　　　　　　　
FAX:교무실 : (031)8014-8980 <br> 
행정실 : (031)8014-8910",dt-yeoul-e.goehs.kr
영천초등학교,(18472) 경기도 화성시 동탄영천로 36(영천동),"(교무실1 행정실2 유치원3) 031-8077-4600
FAX:(교무실) 031-8077-4609 <br> (행정실) 031-8077-4699",yeongcheon-e.goehs.kr
예당초등학교,(18447) 경기도 화성시 동탄반석로 245(석우동. 예당초등학교),"교무실: 031-8055-7108  <br>  행정실: 031-8055-7106 <br>  유치원: 031-8055-7180 <br> 7187(08:30~16:30) <br> 
당직실: 031-8055-7173(야간/휴일)

FAX:(교무실) 031-8055-7198 <br>  (행정실) 031-8055-7199",yedang-e.goehs.kr
예솔초등학교,(18483) 경기도 화성시 동탄순환대로22길 13. 예솔초등학교 (청계동),"교무실 : 031-8077-9456(8:40~16:40) <br> 행정실 : 031-8077-9461(8:40~16:40) <br> 당직실 : 031-8077-9461 <br> 유치원 : 031-8077-9460 
FAX:031-8077-9464",yesol-e.goehs.kr
예원초등학교,(18447) 경기도 화성시 동탄반석로 259(석우동. 예원초등학교),"교무실 : 031-8059-3925(08:40~16:40) <br>  행정실 : 031-8059-3431(08:40~16:40) <br>  당직실 : 031-8059-5364(야간/휴일)
FAX:031-8059-3432",ye-won-e.goehs.kr
오산고현초등학교,(18150) 경기도 오산시 남부대로 459. 오산고현초등학교 (고현동. 오산고현초등학교),"교무실 031-650-3800 / 행정실 031-650-3899
FAX:031-668-9373",osgh-e.goehs.kr
오산대원초등학교,(18146) 경기도 오산시 경기대로25번길 45(갈곶동. 대원초등학교),"031-378-8092
FAX:031-378-8094",osdaewon1-e.goehs.kr
오산원당초등학교,"(18149) 경기도 오산시 원당로 7,  오산원당초등학교 (원동)","(교무실)031-378-4914 <br> (행정실)031-378-4915
FAX:031-378-4918",o-dang-e.goehs.kr
오산원일초등학교,(18143) 경기도 오산시 오산로132번길 27(원동),"031-378-6281
FAX:031-378-6286",osanwonil-e.goehs.kr
오산초등학교,(18127) 경기도 오산시 고을1길 27(누읍동.오산초등학교),"교무실 031-374-2304 <br>  행정실 031-373-7853
FAX: 팩스 031-373-7355",osan-e.goehs.kr
와우초등학교,(18298) 경기도 화성시 봉담읍 식골길 14와우초등학교 (봉담읍. 와우초등학교),"(교무실) 031-898-8711 <br> 
(행정실) 031-898-8714
FAX:(교무실) 031-898-8780 <br> 
(행정실) 031-898-8717",wau-e.goehs.kr
왕배초등학교,(18489) 경기도 화성시 동탄대로12길 101. 왕배초등학교,031-630-9200,wangbae-e.goehs.kr
우정초등학교,(18563) 경기도 화성시 우정읍 버들로 136. 우정초등학교 (우정읍),"교무실 031-358-8535(08:20~16:20) <br>  행정실358-2609(08:20~16:20) <br>  당직실 16:20이후 자동연결(야간/휴일)
FAX:031-358-8372",ujeong-e.goehs.kr
운산초등학교,(18132) 경기도 오산시 운암로 72(오산동),"교무실 : 377-6503~4 (08:40~16:40) <br> 
행정실 : 377-6547 (08:40~16:40) <br> 
유치원 : 377-6549 (08:40~16:40) <br> 
늘봄학교 : 377-6542(08:40~16:40)
FAX:교무실 376-6549 <br>  행정실 377-6548
",woonsan-e.goehs.kr
운암초등학교,(18140) 경기도 오산시 원동로 63(원동. 운암초등학교),"031-376-1595
FAX:031-376-1599",unam-e.goehs.kr
운천초등학교,(18132) 경기도 오산시 운암로 116(부산동),"031-8055-4500
FAX:031-8055-4599",uncheon-e.goehs.kr
원동초등학교,(18146) 경기도 오산시 오산로 92. 원동초등학교 (원동),"031)372-3430(교무실) <br> 031)372-4086(행정실)		

FAX:031)372-4087",won-dong-e.goehs.kr
율목초등학교,"주소 : 경기도 화성시 병점구 영통로50번길 19 (반월동, 우편번호 18379)","031-204-9858 (내선1 방과후실 / 내선2 교무실 / 내선3 행정실 / 내선4 유치원 / 급식실 031-204-9854)
FAX:031-204-9860 (08:40~16:40) ",yulmok-e.goehs.kr
이솔초등학교,(18506) 경기도 화성시 동탄순환대로8길 26. 이솔초등학교 (장지동),"행정실 031-371-0482~3
교무실 031-371-0400

FAX:행정실 031-371-0498
교무실 031-371-0499",esol-e.goehs.kr
장명초등학교,(18586) 경기도 화성시 장안면 장명길 19-8(장안면. 장명초등학교),"교무실: 031-358-1136 (08:20~16:20) <br> 행정실: 031-358-1155(08:20~16:20)

FAX:031-358-5518",jangmyong-e.goehs.kr
장명초등학교장일분교장,"경기도 화성시 장안면 온수골2길 18
","031-358-1140

FAX:031-358-7288
",
정남초등학교,경기도 화성시 효행구 정남면 만년로 516,"교무실 : 031-352-3026(08:30 ~ 16:30) <br> 행정실 : 031-352-9248(08:30 ~ 16:30) <br> 당직실 : 031-5187-8781 야간/휴일
FAX:031-352-5214",jungnam-e.goehs.kr
정림초등학교,(18514) 경기도 화성시 정남면 망월길 69. 정림초등학교 (정남면),"031-352-2176
FAX:031-352-6592",junglim-e.goehs.kr
정현초등학교,(18501) 경기도 화성시 동탄산척로 122. 정현초등학교 (산척동. 정현초등학교),"교무실 : 031-377-9416(8:40~16:40) <br> 행정실 : 031-377-9450(8:40~16:40) <br> 유치원 031-377-9526
FAX:교무실 : 377-9418 <br> 행정실 : 377-9453",jeonghyun-e.goehs.kr
제암초등학교,(18596) 경기도 화성시 향남읍 발안서로 21(향남읍. 제암초등학교),"교무실 ) 031-354-4265 <br>  행정실 ) 031-354-8795

FAX:031-354-4846",jeam-e.goehs.kr
진안초등학교,(18393) 경기도 화성시 병점4로 97(진안동.진안초등학교),"031-222-5587		

FAX:031-222-5536",jinan-e.goehs.kr
청룡초등학교,(18293) 경기도 화성시 비봉면 주석로 610. 청룡초등학교 (비봉면. 청룡초등학교),"대표전화번호  :  031-356-0983 (08:30~16:30) <br> 

FAX:031-356-3239",choung-e.goehs.kr
청림초등학교,(18496) 경기도 화성시 동탄산척로 93-22. 청림초등학교 (산척동. 청림초등학교),"교무실:031-378-1952~3(08:30~16:30) <br> 행정실:031-378-7845~6(08:30~16:30) <br> 
당직실:031-378-7844(야간/휴일) <br> 유치원:031-378-1950(08:30~16:30)
FAX:Fax : (행정실)031-378-8680 <br> (교무실)031-378-8679",cheonglim-e.goehs.kr
청목초등학교,(18482) 경기도 화성시 동탄순환대로21길 10(청계동)," 교무실 : 8055-0945 (08:40~16:40) <br> 행정실 : 8055-0947 (08:40~16:40) <br> 당직실 : 8055-0952 <br> 병설유치원 :  8055-0950
FAX:교무실 : 8055-0946 <br> 행정실 :  8055-0948",cheongmok-e.goehs.kr
청연초등학교,경기 화성시 효행구 비봉면 새비봉서로 68,"031-355-8800 (08:30~16:30)
FAX:031-355-8500",cheongyeon-e.goehs.kr
청원초등학교,(18543) 경기도 화성시 마도면 해운로 794(마도면. 청원초등학교),"031-356-6165
FAX:031-356-3394",cheongwon-e.goehs.kr
치동초등학교,(18470) 경기도 화성시 동탄순환대로 881-34(영천동)," 행정실: 031-374-2963(8:40~16:40) <br> 교무실: 031-374-2961(8:40~16:40) <br> 당직실: 031-374-2963 <br> 유치원: 031-374-2965	

FAX:031-374-2966",chidong-e.goehs.kr
태안초등학교,(18403) 경기도 화성시 병점3로 77(병점동. 태안초등학교),"031-223-2384		

FAX:031-223-2385",taean-hs-e.goehs.kr
팔탄초등학교,(18527) 경기도 화성시 만세구 팔탄면 마당바위로31번길 6(팔탄면.팔탄초등학교),"031-353-2503 <br>  대방분교 : 031-354-8581 <br>  행정실 : 031-352-8496

FAX:031-353-0584",paltan-e.goehs.kr
팔탄초등학교대방분교장,"경기도 화성시 팔탄면 노하길 398
","031-354-8581

FAX:031-354-5580
",
푸른초등학교,(18429) 경기도 화성시 동탄공원로 21-38(능동),"행정실: 031-8003-1053 (08:40~16:40) <br> 
교무실: 031-8003-1051 (08:40~16:40)	
FAX:행정실 : 031-8003-1056 <br> 
교무실 : 031-8003-1064",pureun-e.goehs.kr
필봉초등학교,(18108) 경기도 오산시 수청로 124(금암동. 필봉초등학교),"031-372-5714		

FAX:031-372-1592",philbong-e.goehs.kr
하길초등학교,(18604) 경기도 화성시 향남읍 상신하길로 273번길 45(향남읍),"031-8077-6400		

FAX:031-8077-6475",hagil-e.goehs.kr
학동초등학교,(18437) 경기도 화성시 동탄지성로 79-17(반송동.학동초등학교),"031-613-0411		

FAX:031-613-0415",hshakdong-e.goehs.kr
한마음초등학교,(18431) 경기도 화성시  동탄구  동탄숲속로 69-6(능동),"031-8003-5953		

FAX:031-8003-5955",hanmaeum-e.goehs.kr
한백초등학교,(18466) 경기도 화성시 동탄순환대로26길 37. 한백초등학교 (영천동),"031-8077-7300 <br> 
1)교무실(8:30~16:30) <br> 2)행정실(8:30~16:30) <br> 3)당직실(통화불가능시간:토요일12시~일요일18시)		

FAX:교무실 Fax 031-8077-7309 <br> 행정실 Fax 031-8077-7409",hanbaek-e.goehs.kr
한울초등학교,(18599) 화성시 만세구 향남읍 행정중앙1로25. 한울초등학교,"교무실:031-8059-0231 / 행정실:031-8059-0232 / 방과후코디실:031-354-8030 (12시~5시 통화가능)

FAX:031-8059-0233",han-ul-e.goehs.kr
한율초등학교,(18485) 경기도 화성시 동탄순환대로 429-10(목동. 한율초등학교),"(교무실) (031)375-8638 (08:40~16:40) <br> (행정실) (031)375-8961 (08:40~16:40) <br> 
(유치원) (031)375-8642 (14:00~16:30) <br> (당직실) (031)375-8638 (야간/주말휴무) 
FAX:(FAX ) (031)375-8963",hanyull2018-e.goehs.kr
해운초등학교,(18556) 경기도 화성시 서신면 궁평항로 1374-6. 해운초등학교 (서신면),"교무실 031-357-3004 <br>  행정실 031-357-9232	
FAX:행정실 031-357-6090",haun-e.goehs.kr
행정초등학교,(18600) 경기도 화성시 만세구 향남읍 행정중앙1로 77(향남읍.행정초등학교),"031-8059-0151		

FAX:031-8059-0154",hj2008-e.goehs.kr
향남초등학교,(18589) 경기도 화성시 향남읍 왜골길 7. 향남초등학교 (향남읍),"031-352-3971
FAX:031-352-3974",hyangnam-e.goehs.kr
현민초등학교,"경기도 화성시 동탄신리천로3길 11(신동, 현민초등학교)","교무실:(031) 372-0730 <br>  행정실: (031) 372-0791 <br>  유치원: (031) 372-0795
FAX:교무실: (031) 372-0731 <br>  행정실: (031) 372-0792",hyunmin-e.goehs.kr
호연초등학교,(18500) 경기도 화성시 동탄대로3길 17-7(장지동),"교무실 Tel) 031-2997-200 (08:40~16:40) <br> 
유치원 Tel) 031-2997-280 (08:40~16:40) <br> 
행정실 Tel) 031-2997-294 (08:40~16:40) <br> 
당직실 Tel) 031-2997-290 (16:40 이후)
FAX:교무실 Fax) 031-2997-209 <br> 
유치원 Fax) 031-2997-286 <br> 
행정실 Fax) 031-2997-299",hwasunghoyeon-e.goehs.kr
화남초등학교,(18498) 경기도 화성시 동탄순환대로 4길 16. 화남초등학교 (장지동),"교무실: 031-8055-3500 <br> 행정실: 031-8055-3592 <br> 병설유치원: 031-8055-3570~2

FAX:교무실: 031-8055-3509 <br> 행정실: 031-8055-3599",hwanam-e.goehs.kr
화산초등학교,(18357) 경기도 화성시 화산중앙로64번길 17(송산동.화산초등학교),"교무실: 031-234-0143 / 행정실: 031-236-4931 / 방과후지원실(구 늘봄): 031-222-8333


FAX:031-234-1798",hsp-e.goehs.kr
화성금곡초등학교,(18438) 경기도 화성시 동탄문화센터로 13(반송동),"교무실 031)613-8011 <br>  행정실 031)613-8014 <br>  유치원 031)613-8017
FAX:031-613-8015",geumgok-e.goehs.kr
화성매송초등학교,(18289) 경기도 화성시 매송면 화성로 2403(매송면. 매송초등학교),"031-291-2013		

FAX:031-292-7993",maesong-e.goehs.kr
화성바른초등학교,경기도 화성시 동탄구 동탄신동5길 7,"교무실 : (031) 378-0260(08:30~16:30) <br>  행정실 : (031) 378-0250(08:30~16:30)

FAX:교무실 : 378-0261 <br>  행정실 : 378-0251
",hsbareun-e.goehs.kr
화성반월초등학교,(18396) 경기도 화성시 병점구 효행로 1281-23 화성반월초등학교 (반월동),"교무실: 031-548-4246(08:30~16:30) <br>  행정실: 031-548-4248(08:30~16:30) <br>  늘봄지원실: 031-267-2170 <br>  병설유치원: 031-548-4247

FAX:교무실: 031-548-4249 <br> 행정실: 031-548-4252",hsbw-e.goehs.kr
화성벌말초등학교,(18412) 경기도 화성시 떡전골로 34(병점동.화성벌말초등학교),"교무실 031-221-6328(8:30~16:30) <br> 팩스: 031-221-6347 <br> 
행정실 031-221-6329(8:30~16:30) <br> 팩스: 031-221-6348		
",hsbm-e.goehs.kr
화성신동초등학교,(18495) 경기도 화성시 동탄신동1길 11. 화성신동초등학교 (신동),"교무실 031-899-1500(08:30~16:30) <br> 행정실 031-899-1590(08:30~16:30) <br> 유치원 031-899-1570(09:00~19:00) 
FAX:031-899-1599",hssindong-e.goehs.kr
화성월문초등학교,(18577) 경기도 화성시 팔탄면 버들로 1537. 화성월문초등학교 (팔탄면. 화성월문초등학교),"031-353-0518(내선-교무실1번/행정실2번/유치원3번(08:30~16:30 / 16:30이후 당직실 자동연결)

FAX:031-353-4886",wm-e.goehs.kr
화성장안초등학교,(18584) 경기도 화성시 만세구 장안면 조암동로 8-5(장안면. 화성장안초등학교),"교무실 351-2006 <br> 행정실 351-3638 <br> 당직실 351-3638 <br> 
FAX: 본교 358-7430",hsja-e.goehs.kr
화성장안초등학교석포분교장,"경기도 화성시 장안면 버들로 1201-9
","031-358-2193

FAX:031-358-6958
",
화성청계초등학교,(18477) 경기도 화성시 동탄대로시범길 39(청계동),"교무실 031-8077-4903~4 <br>  행정실 031-8077-4905 <br>  당직실 031-8077-4909
FAX:031-8077-4906(행정실) <br>  031-8077-4916(교무실)",hscheonggye-e.goehs.kr
화성초등학교,(18114) 경기도 오산시 내삼미로 18(수청동),"031-377-5012(교무실) <br> 
031-377-5013(행정실)

FAX:031-377-5014",hwaseong-e.goehs.kr
화성화수초등학교,(18558) 경기도 화성시 우정읍 화수동길 145. 화성화수초등학교 (우정읍. 화수초등학교),"031-351-9242		

FAX:031-351-7105",whasu-e.goehs.kr
화원초등학교,(18610) 경기도 화성시 향남읍 하길로 59. 화원초등학교 (향남읍),"031-8055-8471		
FAX:031-8055-8473",hshwawon-e.goehs.kr
활초초등학교,경기도 화성시 만세구 남양읍 안석길111번길 106,"교무실 031)356-2020 <br>  행정실 031)356-9943

FAX:031)356-3491",hwalcho-e.goehs.kr
효행초등학교,(18320) 경기도 화성시 봉담읍 와우로 16(봉담읍),"행정실: 031-224-2692 <br> 교무실:031-224-2690 <br> 급식실:031-224-2693 <br> 유치원:031-224-2694
FAX:행정실:031-224-2695",hyohaeng-e.goehs.kr
