도시,배치계획 지구명,공식 지구단위계획 명칭,처리,후보수,공식면적㎡
화성,동화2지구,동화2지구,추가,1,23720.938656
화성,배양지구,배양지구,추가,1,88437.628435
화성,배양2지구,배양2지구,추가,1,70717.121818
화성,기안2지구,기안2지구,추가,1,90435.440079
화성,천천지구,천천지구,추가,1,47802.367476
화성,도이지구,도이지구,추가,1,40460.677925
화성,상신3지구,상신3지구,추가,1,143280.15
화성,하길지구,하길지구,추가,1,73002.166218
화성,상신2지구,상신2지구,추가,1,4730.515613
화성,조암2지구,조암2,추가,1,245501.616147
화성,조암지구,조암지구,추가,1,11423.407745
화성,장안지구,장안지구,추가,1,124987.65
오산,외삼미1지구,외삼미1지구,추가,1,116258.15508949752
오산,내삼미3구역,내삼미3구역,추가,1,152099.53436000418
오산,궐동2구역,궐동2구역,추가,1,55610.20546000003
오산,서2구역,서2구역,추가,1,89458.1230650008
